epoch,time,train/box_loss,train/cls_loss,train/dfl_loss,metrics/precision(B),metrics/recall(B),metrics/mAP50(B),metrics/mAP50-95(B),val/box_loss,val/cls_loss,val/dfl_loss,lr/pg0,lr/pg1,lr/pg2
1,53.4767,1.79259,6.42293,1.79123,0.53842,0.32771,0.31854,0.14812,1.78186,5.62845,1.81119,0.000330789,0.000330789,0.0672519
2,103.933,1.61467,4.88893,1.6252,0.40827,0.50959,0.4385,0.20604,1.80129,5.48955,1.8239,0.000663473,0.000663473,0.0342513
3,153.695,1.55678,4.6158,1.59737,0.53725,0.36036,0.46115,0.23784,1.70302,5.00038,1.72058,0.000993562,0.000993562,0.00124802
4,203.854,1.52003,4.39561,1.55738,0.51811,0.54199,0.53283,0.28311,1.59261,4.2873,1.63768,0.000991232,0.000991232,0.000991232
5,252.061,1.49198,4.21307,1.53669,0.5436,0.55032,0.52979,0.30183,1.48468,3.84669,1.52942,0.000984449,0.000984449,0.000984449
6,302.273,1.44617,3.94466,1.50163,0.61563,0.57373,0.60167,0.33178,1.46762,3.90667,1.56792,0.000975773,0.000975773,0.000975773
7,351.123,1.40734,3.81541,1.47192,0.6346,0.63774,0.65665,0.38008,1.4439,3.49137,1.50093,0.000965239,0.000965239,0.000965239
8,401.257,1.35886,3.67536,1.43989,0.67048,0.60958,0.66582,0.38301,1.39088,3.43848,1.47586,0.000952889,0.000952889,0.000952889
9,449.974,1.32938,3.51121,1.41899,0.5915,0.66404,0.66929,0.39842,1.34344,3.2437,1.42391,0.000938772,0.000938772,0.000938772
10,498.537,1.31894,3.4819,1.41417,0.67993,0.66614,0.69257,0.4223,1.32253,3.05274,1.40012,0.000922942,0.000922942,0.000922942
11,548.703,1.28801,3.33546,1.39268,0.74563,0.64439,0.72768,0.45954,1.26795,2.87133,1.36952,0.000905463,0.000905463,0.000905463
12,598.207,1.25849,3.27257,1.36881,0.74783,0.67435,0.73499,0.43733,1.3196,2.95694,1.39455,0.000886404,0.000886404,0.000886404
13,648.694,1.24266,3.19967,1.36741,0.72288,0.68394,0.75272,0.47633,1.24976,2.78548,1.34333,0.000865839,0.000865839,0.000865839
14,698.086,1.23627,3.15004,1.35285,0.68289,0.71203,0.73858,0.47995,1.23863,2.76692,1.32922,0.000843851,0.000843851,0.000843851
15,748.941,1.19575,3.05189,1.3295,0.74373,0.70127,0.75633,0.48471,1.23041,2.69011,1.33592,0.000820525,0.000820525,0.000820525
16,797.917,1.2178,3.0751,1.34281,0.75687,0.70314,0.76695,0.49616,1.23887,2.77076,1.33616,0.000795954,0.000795954,0.000795954
17,849.076,1.19039,2.96342,1.31876,0.75715,0.73727,0.78583,0.51367,1.17695,2.67894,1.2855,0.000770234,0.000770234,0.000770234
18,898.558,1.1477,2.85203,1.29776,0.695,0.72885,0.77073,0.51489,1.12966,2.50452,1.27235,0.000743468,0.000743468,0.000743468
19,949.816,1.14728,2.82368,1.29467,0.75947,0.73883,0.80478,0.53865,1.1378,2.44823,1.27821,0.000715761,0.000715761,0.000715761
20,999.236,1.12221,2.75578,1.28184,0.79781,0.74494,0.8145,0.54126,1.11423,2.41239,1.25363,0.000687222,0.000687222,0.000687222
21,1050.32,1.10922,2.7115,1.26795,0.7789,0.76642,0.80486,0.54813,1.09896,2.34199,1.23426,0.000657963,0.000657963,0.000657963
22,1099.86,1.10925,2.681,1.2827,0.75399,0.81978,0.82544,0.54791,1.08661,2.31024,1.23882,0.000628101,0.000628101,0.000628101
23,1150.01,1.07804,2.59289,1.25529,0.80296,0.77296,0.82682,0.55471,1.07261,2.26728,1.22851,0.000597754,0.000597754,0.000597754
24,1200.55,1.06136,2.57232,1.25158,0.82227,0.75068,0.82062,0.56354,1.08276,2.29794,1.23611,0.00056704,0.00056704,0.00056704
25,1250.64,1.047,2.49046,1.24469,0.79942,0.79274,0.83102,0.57925,1.05796,2.18432,1.20857,0.000536081,0.000536081,0.000536081
26,1299.05,1.01673,2.38778,1.22244,0.79527,0.79887,0.82978,0.57752,1.03402,2.16793,1.20626,0.000505,0.000505,0.000505
27,1347.84,1.02036,2.38466,1.22622,0.80273,0.82654,0.85145,0.58794,1.03467,2.10304,1.19811,0.000473919,0.000473919,0.000473919
28,1397.38,1.00542,2.32268,1.21501,0.82299,0.79185,0.83886,0.58558,1.01616,2.13204,1.18568,0.00044296,0.00044296,0.00044296
29,1445.94,0.99885,2.34109,1.2121,0.83008,0.80632,0.85121,0.59586,1.00233,2.07864,1.16851,0.000412246,0.000412246,0.000412246
30,1496.28,0.98575,2.2846,1.2083,0.8067,0.80547,0.84728,0.60506,0.99497,2.04874,1.17003,0.000381899,0.000381899,0.000381899
31,1544.85,0.97497,2.22899,1.19997,0.8452,0.80612,0.86096,0.60745,0.97342,1.97645,1.16396,0.000352037,0.000352037,0.000352037
32,1594.53,0.94139,2.18897,1.18425,0.8594,0.80544,0.86435,0.61453,0.96548,1.9557,1.1556,0.000322778,0.000322778,0.000322778
33,1643.67,0.9488,2.17427,1.18614,0.8384,0.83386,0.86467,0.62195,0.94709,1.92631,1.14686,0.000294239,0.000294239,0.000294239
34,1692.46,0.93644,2.12694,1.16667,0.85975,0.82389,0.87571,0.62827,0.93755,1.89166,1.14029,0.000266532,0.000266532,0.000266532
35,1742.88,0.92478,2.09847,1.17475,0.85086,0.82332,0.87595,0.63575,0.91754,1.85217,1.13237,0.000239766,0.000239766,0.000239766
36,1791.58,0.88739,2.01133,1.14759,0.86044,0.83289,0.87328,0.63581,0.91811,1.85422,1.12676,0.000214046,0.000214046,0.000214046
37,1841.2,0.89944,2.03011,1.15847,0.85808,0.84066,0.88016,0.65232,0.89863,1.79853,1.11709,0.000189475,0.000189475,0.000189475
38,1891.07,0.87435,1.95408,1.14273,0.8705,0.84477,0.88011,0.64408,0.90278,1.83688,1.11989,0.000166149,0.000166149,0.000166149
39,1941.08,0.88045,1.9765,1.14971,0.85126,0.84807,0.88492,0.65108,0.88621,1.79234,1.1088,0.000144161,0.000144161,0.000144161
40,1990.54,0.87052,1.94539,1.14464,0.86773,0.84351,0.88509,0.65836,0.87604,1.77751,1.09794,0.000123596,0.000123596,0.000123596
41,2038.23,0.77654,1.44253,1.10504,0.85748,0.85266,0.88392,0.66148,0.88988,1.76921,1.11251,0.000104537,0.000104537,0.000104537
42,2084.32,0.75015,1.35651,1.09471,0.85007,0.86329,0.88311,0.6589,0.87384,1.76613,1.10926,8.70577e-05,8.70577e-05,8.70577e-05
43,2130.81,0.74077,1.33081,1.08852,0.87365,0.86065,0.88979,0.66369,0.86527,1.72639,1.09881,7.12282e-05,7.12282e-05,7.12282e-05
44,2177.57,0.72726,1.30128,1.07411,0.869,0.85997,0.89212,0.66867,0.85324,1.72871,1.09704,5.71106e-05,5.71106e-05,5.71106e-05
45,2223.26,0.71579,1.26586,1.07637,0.86308,0.87181,0.8932,0.67301,0.84678,1.70197,1.09298,4.47606e-05,4.47606e-05,4.47606e-05
46,2268.87,0.71251,1.2551,1.07289,0.87777,0.86051,0.89341,0.67562,0.84657,1.68294,1.09143,3.4227e-05,3.4227e-05,3.4227e-05
47,2315.84,0.69997,1.23021,1.06628,0.87096,0.86168,0.89461,0.67794,0.83542,1.6833,1.08658,2.55513e-05,2.55513e-05,2.55513e-05
48,2362.52,0.69792,1.22283,1.06428,0.86178,0.87464,0.89461,0.67957,0.83516,1.67787,1.08557,1.87678e-05,1.87678e-05,1.87678e-05
49,2408.73,0.69196,1.21494,1.06317,0.8808,0.86045,0.89531,0.67784,0.83512,1.6694,1.08491,1.39032e-05,1.39032e-05,1.39032e-05
50,2454.61,0.6972,1.21922,1.06519,0.87751,0.86589,0.89572,0.68071,0.83481,1.66542,1.08392,1.09768e-05,1.09768e-05,1.09768e-05
