epoch,time,train/box_loss,train/cls_loss,train/dfl_loss,metrics/precision(B),metrics/recall(B),metrics/mAP50(B),metrics/mAP50-95(B),val/box_loss,val/cls_loss,val/dfl_loss,lr/pg0,lr/pg1,lr/pg2
1,311.735,2.27818,3.47349,2.36742,0.21175,0.08304,0.0553,0.0177,2.31718,4.6203,2.48632,0.070029,0.00333011,0.00333011
2,602.694,2.127,3.23338,2.26505,0.55563,0.19701,0.07584,0.03399,2.09413,3.66792,2.36124,0.0399631,0.00659747,0.00659747
3,894.507,2.03918,2.97709,2.14205,0.63844,0.17457,0.18745,0.07674,2.06828,2.8426,2.25748,0.00983111,0.00979884,0.00979884
4,1186.63,1.99255,2.88782,2.11732,0.56444,0.23762,0.19931,0.09554,1.91723,2.70303,2.17066,0.009703,0.009703,0.009703
5,1477.75,1.92809,2.75234,2.06148,0.46752,0.35984,0.17123,0.07215,2.04093,3.17125,2.19669,0.009604,0.009604,0.009604
6,1768.98,1.90066,2.61681,1.99933,0.577,0.30885,0.25109,0.115,1.8595,2.60239,2.04938,0.009505,0.009505,0.009505
7,2060.68,1.84312,2.48484,1.94418,0.62348,0.31557,0.33119,0.16787,1.81941,2.32055,1.98286,0.009406,0.009406,0.009406
8,2353.05,1.83145,2.42407,1.93988,0.6177,0.3611,0.32853,0.14801,1.81385,2.16153,2.00343,0.009307,0.009307,0.009307
9,2647.94,1.80616,2.37864,1.91429,0.5311,0.32514,0.34458,0.16993,1.74852,2.03767,1.94923,0.009208,0.009208,0.009208
10,2943.55,1.77481,2.31905,1.89458,0.58716,0.42806,0.39094,0.19823,1.74925,2.24001,1.94168,0.009109,0.009109,0.009109
11,3243.29,1.73876,2.22465,1.86428,0.6218,0.41292,0.41166,0.21584,1.69766,1.87851,1.89372,0.00901,0.00901,0.00901
12,3554.12,1.7087,2.15257,1.8406,0.56398,0.50287,0.47629,0.25054,1.7371,1.883,1.88771,0.008911,0.008911,0.008911
13,3875.89,1.69259,2.08408,1.80458,0.59639,0.39713,0.39044,0.20042,1.69454,1.91936,1.9344,0.008812,0.008812,0.008812
14,4187.7,1.65359,2.07708,1.79052,0.48179,0.4624,0.43353,0.24519,1.66998,1.83855,1.86461,0.008713,0.008713,0.008713
15,4537.75,1.64928,2.04868,1.77075,0.60994,0.50299,0.48944,0.26336,1.64455,1.76512,1.81408,0.008614,0.008614,0.008614
16,4830.13,1.62824,1.99955,1.74459,0.65668,0.44059,0.46861,0.26765,1.59298,1.77192,1.78641,0.008515,0.008515,0.008515
17,5125.74,1.62278,1.95276,1.74127,0.66001,0.46594,0.50415,0.28851,1.59953,1.71896,1.76816,0.008416,0.008416,0.008416
18,5423.29,1.61143,1.92084,1.72795,0.70779,0.46428,0.49628,0.28133,1.53131,1.5947,1.70911,0.008317,0.008317,0.008317
19,5722.61,1.60414,1.87926,1.72308,0.51911,0.49527,0.4733,0.28098,1.62294,1.69848,1.7795,0.008218,0.008218,0.008218
20,6021.14,1.56704,1.82782,1.69194,0.73481,0.50282,0.54058,0.31658,1.50954,1.5342,1.69375,0.008119,0.008119,0.008119
21,6322.46,1.51937,1.77393,1.65835,0.73675,0.52785,0.55309,0.32818,1.53816,1.50528,1.72356,0.00802,0.00802,0.00802
22,6625.66,1.52361,1.77706,1.65626,0.65858,0.52625,0.56251,0.32455,1.50247,1.58637,1.66551,0.007921,0.007921,0.007921
23,6926.92,1.50545,1.74858,1.64469,0.69009,0.54938,0.53422,0.32025,1.51786,1.49942,1.69957,0.007822,0.007822,0.007822
24,7226,1.48123,1.70659,1.62344,0.49398,0.54891,0.54311,0.3368,1.48862,1.4208,1.65897,0.007723,0.007723,0.007723
25,7527.89,1.47904,1.69674,1.62109,0.54145,0.5569,0.55325,0.33679,1.48109,1.4685,1.67262,0.007624,0.007624,0.007624
26,7827.54,1.4939,1.69386,1.61836,0.7351,0.50152,0.5582,0.35566,1.42612,1.39118,1.63655,0.007525,0.007525,0.007525
27,8127.95,1.44373,1.6161,1.59079,0.68452,0.58718,0.56846,0.35593,1.4197,1.38289,1.60835,0.007426,0.007426,0.007426
28,8427.68,1.44136,1.62598,1.58956,0.75092,0.50721,0.58183,0.36356,1.41508,1.37925,1.60901,0.007327,0.007327,0.007327
29,8728.07,1.39912,1.57994,1.55325,0.7743,0.5249,0.60527,0.38024,1.39133,1.33797,1.58463,0.007228,0.007228,0.007228
30,9027.72,1.39907,1.57188,1.5503,0.77584,0.48994,0.60144,0.38182,1.38392,1.34681,1.57554,0.007129,0.007129,0.007129
31,9327.76,1.38607,1.50885,1.53885,0.75914,0.54136,0.60711,0.3802,1.39927,1.3557,1.61208,0.00703,0.00703,0.00703
32,9627.95,1.36555,1.50554,1.52378,0.63625,0.58229,0.63895,0.41376,1.37022,1.22527,1.59872,0.006931,0.006931,0.006931
33,9927.78,1.3485,1.49428,1.51149,0.62316,0.58144,0.63502,0.40502,1.35639,1.24925,1.54566,0.006832,0.006832,0.006832
34,10227.2,1.34273,1.46866,1.50438,0.80226,0.50373,0.61984,0.39435,1.36886,1.2514,1.54868,0.006733,0.006733,0.006733
35,10526.8,1.33654,1.45882,1.49717,0.65146,0.59795,0.64765,0.40449,1.35753,1.39016,1.53745,0.006634,0.006634,0.006634
36,10827,1.3265,1.41724,1.48772,0.64648,0.60502,0.66344,0.43412,1.31125,1.25263,1.50535,0.006535,0.006535,0.006535
37,11127.8,1.31371,1.39058,1.47822,0.78001,0.57553,0.66437,0.43407,1.31689,1.22111,1.54985,0.006436,0.006436,0.006436
38,11428.6,1.31426,1.41253,1.47096,0.58327,0.63477,0.63677,0.41639,1.30238,1.25195,1.50387,0.006337,0.006337,0.006337
39,35249.3,1.27865,1.35969,1.45032,0.69152,0.6449,0.69144,0.44264,1.28985,1.19348,1.49562,0.006238,0.006238,0.006238
40,35555.2,1.29703,1.36969,1.46746,0.66877,0.61402,0.66088,0.43288,1.29115,1.20358,1.47843,0.006139,0.006139,0.006139
41,35848.7,1.25789,1.33607,1.44239,0.68521,0.58358,0.67183,0.45198,1.28506,1.20559,1.5016,0.00604,0.00604,0.00604
42,36146.4,1.26573,1.34625,1.44773,0.67868,0.59283,0.65724,0.43914,1.25379,1.22195,1.47003,0.005941,0.005941,0.005941
43,36446.6,1.23065,1.32221,1.42745,0.73387,0.59916,0.68471,0.45476,1.2292,1.15854,1.45006,0.005842,0.005842,0.005842
44,36751.5,1.25214,1.35025,1.43796,0.65669,0.6396,0.67546,0.46148,1.22906,1.19615,1.44956,0.005743,0.005743,0.005743
45,37054.4,1.21184,1.28454,1.41088,0.74688,0.63625,0.69513,0.46983,1.22422,1.09464,1.46006,0.005644,0.005644,0.005644
46,37357.4,1.2058,1.26051,1.41131,0.73723,0.62735,0.70286,0.47314,1.19948,1.09533,1.43488,0.005545,0.005545,0.005545
47,37661,1.21719,1.28148,1.41349,0.67188,0.6617,0.71181,0.47844,1.22878,1.11482,1.43812,0.005446,0.005446,0.005446
48,37964.6,1.19405,1.21261,1.38651,0.64468,0.65763,0.69935,0.46744,1.23272,1.17592,1.43937,0.005347,0.005347,0.005347
49,38269.7,1.19753,1.22972,1.39223,0.77768,0.61662,0.71339,0.4764,1.21975,1.10862,1.4347,0.005248,0.005248,0.005248
50,38573.4,1.18706,1.22917,1.38907,0.68615,0.66472,0.71447,0.47576,1.1952,1.07029,1.40365,0.005149,0.005149,0.005149
51,38879.8,1.17228,1.20616,1.37599,0.6813,0.68658,0.70622,0.47649,1.18271,1.09657,1.4128,0.00505,0.00505,0.00505
52,39187.4,1.17891,1.22531,1.38724,0.70549,0.64104,0.70192,0.47224,1.22852,1.15855,1.44418,0.004951,0.004951,0.004951
53,39493.7,1.1476,1.1631,1.36055,0.71049,0.65444,0.7175,0.48747,1.17965,1.08686,1.38731,0.004852,0.004852,0.004852
54,39798.5,1.13138,1.1588,1.3499,0.69331,0.69332,0.73833,0.5025,1.16441,1.04563,1.38404,0.004753,0.004753,0.004753
55,40104.5,1.13519,1.18539,1.34864,0.73141,0.66879,0.72511,0.48617,1.16895,1.05913,1.39343,0.004654,0.004654,0.004654
56,40411.3,1.11752,1.14774,1.33872,0.75786,0.6692,0.73802,0.50302,1.14142,1.02707,1.37197,0.004555,0.004555,0.004555
57,40718.1,1.11894,1.12241,1.33863,0.723,0.67776,0.74421,0.51684,1.14482,1.00894,1.36042,0.004456,0.004456,0.004456
58,41024,1.10609,1.13026,1.33106,0.70432,0.70212,0.72452,0.50047,1.13814,1.04233,1.35887,0.004357,0.004357,0.004357
59,41330.8,1.09567,1.08947,1.31453,0.76202,0.70017,0.7519,0.52424,1.13139,0.99417,1.35784,0.004258,0.004258,0.004258
60,41636.6,1.08016,1.09022,1.31447,0.7741,0.67891,0.74427,0.51419,1.14529,1.00177,1.36913,0.004159,0.004159,0.004159
61,41942.7,1.0913,1.09863,1.32524,0.73374,0.72905,0.76398,0.52614,1.12845,0.99142,1.36225,0.00406,0.00406,0.00406
62,42245.7,1.09168,1.1121,1.33301,0.81334,0.67843,0.76668,0.53484,1.1441,0.96195,1.38137,0.003961,0.003961,0.003961
63,42551.8,1.05295,1.03172,1.29751,0.7258,0.71682,0.7607,0.52289,1.12289,0.98364,1.3621,0.003862,0.003862,0.003862
64,42856,1.06292,1.05851,1.30401,0.74804,0.72264,0.76057,0.52153,1.12174,0.99181,1.35266,0.003763,0.003763,0.003763
65,43159.4,1.04958,1.04294,1.29336,0.76963,0.69829,0.76216,0.53065,1.13991,0.95346,1.3767,0.003664,0.003664,0.003664
66,43462.1,1.03998,1.02762,1.2993,0.74256,0.7444,0.76581,0.54294,1.09553,0.93145,1.3485,0.003565,0.003565,0.003565
67,43765.2,1.06142,1.05238,1.30225,0.81649,0.68551,0.77929,0.54764,1.09747,0.91722,1.33958,0.003466,0.003466,0.003466
68,44070.1,1.04188,1.03439,1.29002,0.80547,0.69161,0.76546,0.53697,1.07552,0.92475,1.32447,0.003367,0.003367,0.003367
69,44374.5,1.0276,1.00421,1.28085,0.71641,0.73258,0.76469,0.53962,1.08735,0.94583,1.32003,0.003268,0.003268,0.003268
70,44679.6,1.02186,1.00346,1.27773,0.74296,0.74083,0.78486,0.55452,1.08245,0.91385,1.3319,0.003169,0.003169,0.003169
71,44986.8,1.0228,1.00935,1.281,0.75825,0.75418,0.78315,0.54907,1.07527,0.92885,1.32363,0.00307,0.00307,0.00307
72,45297.4,1.01028,0.98342,1.26962,0.77767,0.7303,0.77993,0.56049,1.05823,0.90106,1.30689,0.002971,0.002971,0.002971
73,45603.6,0.99226,0.96083,1.26158,0.80552,0.72114,0.77996,0.56232,1.06686,0.91704,1.31675,0.002872,0.002872,0.002872
74,45909.3,0.99113,0.95858,1.24865,0.77224,0.7422,0.78172,0.55967,1.06463,0.88823,1.30814,0.002773,0.002773,0.002773
75,46214.4,0.97946,0.96213,1.25842,0.80131,0.73348,0.79007,0.56627,1.07071,0.86156,1.31986,0.002674,0.002674,0.002674
76,46521.5,0.97812,0.93303,1.24958,0.77514,0.76088,0.80059,0.57217,1.07165,0.87446,1.31786,0.002575,0.002575,0.002575
77,46827,0.97721,0.92951,1.2463,0.8281,0.74099,0.8059,0.57175,1.06622,0.84065,1.32719,0.002476,0.002476,0.002476
78,47131.7,0.95882,0.911,1.23479,0.80639,0.75106,0.81533,0.5932,1.03846,0.82265,1.30178,0.002377,0.002377,0.002377
79,47436.7,0.96435,0.92736,1.23841,0.7906,0.76536,0.81471,0.58818,1.04047,0.82212,1.29788,0.002278,0.002278,0.002278
80,47743,0.95763,0.92177,1.22904,0.82037,0.76946,0.82044,0.598,1.02653,0.81635,1.28439,0.002179,0.002179,0.002179
81,48048.3,0.94084,0.88584,1.21638,0.80465,0.75359,0.81253,0.59349,1.0225,0.81016,1.27905,0.00208,0.00208,0.00208
82,48354.5,0.95477,0.90647,1.22862,0.80662,0.77148,0.81133,0.58916,1.03104,0.82091,1.28086,0.001981,0.001981,0.001981
83,48664.4,0.93971,0.87787,1.21808,0.83389,0.7552,0.81756,0.59921,1.01341,0.81531,1.27086,0.001882,0.001882,0.001882
84,48975.2,0.93465,0.8786,1.21753,0.81001,0.75636,0.81017,0.59068,1.01692,0.80911,1.27674,0.001783,0.001783,0.001783
85,49283.3,0.93079,0.87808,1.2182,0.76555,0.77764,0.80981,0.59659,1.02427,0.82648,1.29086,0.001684,0.001684,0.001684
86,49589.9,0.91095,0.86021,1.204,0.79149,0.76698,0.8021,0.5985,1.01937,0.80931,1.28892,0.001585,0.001585,0.001585
87,49895,0.9001,0.83921,1.19564,0.80725,0.76483,0.81543,0.60241,1.00494,0.78759,1.27856,0.001486,0.001486,0.001486
88,50202.5,0.90837,0.84231,1.20167,0.82303,0.76921,0.81892,0.61749,0.99953,0.7895,1.27149,0.001387,0.001387,0.001387
89,50508.4,0.90929,0.85333,1.2032,0.80537,0.77917,0.81991,0.61729,1.0023,0.77692,1.27744,0.001288,0.001288,0.001288
90,50814.5,0.9066,0.84067,1.20602,0.80529,0.7802,0.82383,0.62106,0.98094,0.75337,1.25492,0.001189,0.001189,0.001189
91,51117.8,0.87378,0.72028,1.19786,0.82346,0.7527,0.82317,0.6119,0.97753,0.76485,1.24594,0.00109,0.00109,0.00109
92,51423.2,0.8598,0.69063,1.19331,0.82275,0.77015,0.82883,0.61348,0.98582,0.78247,1.25237,0.000991,0.000991,0.000991
93,51728,0.84332,0.68052,1.17942,0.78788,0.78866,0.83138,0.6211,0.97762,0.75928,1.25162,0.000892,0.000892,0.000892
94,52032.7,0.8213,0.65897,1.17231,0.84014,0.76062,0.83397,0.62228,0.97071,0.74705,1.24666,0.000793,0.000793,0.000793
95,52336.8,0.80729,0.63238,1.15983,0.82355,0.77804,0.83961,0.63123,0.95865,0.73406,1.24285,0.000694,0.000694,0.000694
96,52640.2,0.80367,0.62591,1.16203,0.87404,0.75036,0.84016,0.63309,0.95433,0.73207,1.23809,0.000595,0.000595,0.000595
97,52944.3,0.80114,0.61747,1.15469,0.83108,0.77921,0.84129,0.63536,0.95749,0.73092,1.24096,0.000496,0.000496,0.000496
98,53253.1,0.78976,0.61329,1.14499,0.85984,0.76328,0.84123,0.63702,0.94708,0.72413,1.23082,0.000397,0.000397,0.000397
99,53557.5,0.78567,0.61243,1.14659,0.83666,0.77864,0.84285,0.64116,0.94976,0.71617,1.23175,0.000298,0.000298,0.000298
100,53864.5,0.77793,0.60097,1.14095,0.85527,0.76752,0.84151,0.63876,0.94073,0.71177,1.22978,0.000199,0.000199,0.000199
